Position	WT_Nucleotide	Substitution_Effect_A	Substitution_Effect_C	Substitution_Effect_G	Substitution_Effect_T	Deletion_Effect
-24	t	0.028719693422317505	0.0020765066146850586	0.034917980432510376	0.0	0.006842881441116333
-23	a	0.0	0.03192496299743652	0.005021870136260986	0.051205575466156006	0.038147687911987305
-22	t	0.0192415714263916	0.007193863391876221	0.016382068395614624	0.0	-0.0015796124935150146
-21	G	0.0014962255954742432	-0.01606956124305725	-0.0	0.040011048316955566	-0.027947187423706055
-20	G	0.033639758825302124	0.06595033407211304	-0.0	-0.018893331289291382	-0.027947187423706055
-19	A	-0.0	-0.06523653864860535	0.0051163434982299805	0.06287240982055664	-0.0212877094745636
-18	T	0.026144951581954956	-0.026200026273727417	-0.054055631160736084	-0.0	-0.056106820702552795
-17	C	-0.09255048632621765	-0.0	-0.05281662940979004	0.0023432374000549316	-0.12273178994655609
-16	C	0.009890198707580566	-0.0	0.009203970432281494	-0.04097965359687805	-0.12273178994655609
-15	T	-0.07259353995323181	-0.16271841526031494	-0.07753494381904602	-0.0	-0.11305488646030426
-14	C	-0.06901580095291138	-0.0	0.0347977876663208	-0.03498023748397827	0.009682253003120422
-13	G	0.10671541094779968	0.03539404273033142	0.0	-0.09452733397483826	0.03516727685928345
-12	G	0.02704557776451111	0.00919264554977417	0.0	0.0005331039428710938	0.03516727685928345
-11	T	-0.04892715811729431	0.006245166063308716	0.10957613587379456	0.0	0.04943762719631195
-10	T	-0.058806538581848145	-0.028070539236068726	0.024358242750167847	0.0	0.04943762719631195
-9	C	0.003907382488250732	0.0	-0.06294786930084229	-0.004512488842010498	0.05254709720611572
-8	A	0.0	-0.02636706829071045	0.04192200303077698	-0.048734307289123535	0.04514867067337036
-7	C	0.0348755419254303	0.0	0.08743205666542053	-0.0026274025440216064	0.03744584321975708
-6	G	-0.0799584686756134	-0.05226784944534302	-0.0	0.04777032136917114	-0.03724098205566406
-5	C	-0.013004928827285767	-0.0	-0.03633946180343628	0.05030769109725952	-0.03142760694026947
-4	A	-0.0	-0.13342666625976562	-0.09046581387519836	-0.10276848077774048	-0.09703446924686432
-3	A	-0.0	-0.0759514570236206	0.012812167406082153	-0.04629179835319519	-0.09703446924686432
-2	T	-0.01106196641921997	0.005429267883300781	-0.10655209422111511	-0.0	-0.0767756849527359
-1	G	0.048745572566986084	-0.13988780975341797	-0.0	0.07005783915519714	-0.008467897772789001
0	A	0.0	-0.1183260977268219	0.07693451642990112	0.022326678037643433	0.031063348054885864
1	C	0.003508329391479492	0.0	0.08490705490112305	-0.02857258915901184	0.049398988485336304
2	C	-0.09990584850311279	0.0	0.0002352893352508545	-0.04928404092788696	0.049398988485336304
3	G	-0.007645517587661743	-0.008718281984329224	-0.0	0.022657841444015503	0.02060355246067047
4	C	-0.05559569597244263	0.0	-0.0241071879863739	0.05720168352127075	0.055058255791664124
5	G	0.12569522857666016	0.05319559574127197	0.0	0.01117280125617981	0.1175844669342041
6	G	-0.0068855881690979	0.11222483217716217	0.0	0.06100732088088989	0.1175844669342041
7	C	0.10181225836277008	-0.0	-0.07797986268997192	-0.03448903560638428	0.0015696138143539429
8	T	0.155342698097229	-0.042714834213256836	0.1166132390499115	-0.0	-0.058774784207344055
9	C	0.06908273696899414	-0.0	0.052048563957214355	0.03521460294723511	0.02606244385242462
10	C	0.07061511278152466	-0.0	0.03321292996406555	0.09093090891838074	0.02606244385242462
11	A	-0.0	-0.08680647611618042	-0.03726467490196228	-0.14054006338119507	0.012310490012168884
12	G	0.11675995588302612	-0.07184454798698425	-0.0	-0.01637512445449829	0.0007388442754745483
13	G	0.055417269468307495	-0.05784526467323303	-0.0	0.01502382755279541	0.0007388442754745483
14	G	0.10115690529346466	0.05912965536117554	-0.0	0.11822949349880219	0.0007388442754745483
15	G	0.018311262130737305	0.019174277782440186	-0.0	0.04225635528564453	0.0007388442754745483
16	C	0.047348082065582275	-0.0	0.06325423717498779	0.058929443359375	-0.02758851647377014
17	G	0.02879399061203003	-0.03093317151069641	-0.0	0.04415974020957947	0.031274259090423584
18	A	0.0	0.07871371507644653	0.15324723720550537	0.013992488384246826	0.08864446729421616
19	G	0.13849647343158722	0.018330246210098267	0.0	0.05678325891494751	0.0767940878868103
20	A	-0.0	-0.012530267238616943	0.01695084571838379	-0.024508118629455566	0.029492035508155823
21	G	0.032414644956588745	0.07687848806381226	-0.0	0.023570537567138672	-0.018428653478622437
22	G	-0.004054665565490723	0.022559046745300293	-0.0	0.013464152812957764	-0.018428653478622437
23	A	-0.0	0.038278728723526	0.025958865880966187	0.03146234154701233	-0.012426555156707764
24	G	-0.010679423809051514	-0.009240150451660156	-0.0	-0.024607300758361816	-0.0767955332994461
25	C	-0.052019476890563965	-0.0	-0.021578580141067505	0.0053732991218566895	-0.022800952196121216
26	C	-0.050758153200149536	-0.0	-0.009478569030761719	-0.08290141820907593	-0.022800952196121216
27	A	-0.0	-0.0462397038936615	0.04040375351905823	0.007257014513015747	-0.006644651293754578
28	G	0.02532026171684265	0.019425898790359497	-0.0	-0.011331617832183838	-0.0497860461473465
29	C	0.01097935438156128	-0.0	-0.03950580954551697	0.018896400928497314	-0.0838882178068161
30	C	-0.037938863039016724	-0.0	0.023679256439208984	0.0552939772605896	-0.0838882178068161
31	C	0.05900523066520691	-0.0	0.03336292505264282	0.009480983018875122	-0.0838882178068161
32	T	-0.06082886457443237	-0.0020036697387695312	-0.03856027126312256	-0.0	-0.11120496690273285
33	G	-0.0031460821628570557	-0.048881083726882935	-0.0	-0.04194536805152893	0.019839689135551453
34	T	-0.015188485383987427	0.030524015426635742	7.528066635131836e-05	-0.0	0.0384351909160614
35	C	0.02628272771835327	-0.0	0.03143775463104248	-0.002929508686065674	-0.022942647337913513
36	T	-0.04582798480987549	0.03877219557762146	0.011538594961166382	-0.0	0.011090785264968872
37	C	0.019796282052993774	-0.0	-0.019047290086746216	-0.015897154808044434	-0.02327720820903778
38	T	-0.04267558455467224	-0.015680164098739624	-0.012894302606582642	-0.0	0.02767007052898407
39	C	0.006962805986404419	-0.0	0.008367180824279785	-6.92605972290039e-05	0.014292120933532715
40	T	-0.03586071729660034	-0.004223287105560303	-0.0208471417427063	-0.0	-0.04145205020904541
41	C	0.0678928792476654	0.0	0.01403835415840149	0.06956711411476135	0.045580506324768066
42	T	0.021126925945281982	-0.022073686122894287	-0.02593091130256653	-0.0	-0.017008617520332336
43	C	-0.030103981494903564	-0.0	-0.017393559217453003	0.011186450719833374	0.009594321250915527
44	C	-0.06048184633255005	-0.0	-0.049882322549819946	0.031321942806243896	0.009594321250915527
45	T	0.004598408937454224	0.021103590726852417	-0.014392673969268799	-0.0	0.017159566283226013
46	G	-0.0461401641368866	-0.008239507675170898	-0.0	-0.07909998297691345	-0.024545922875404358
47	G	0.053861528635025024	0.00910937786102295	-0.0	0.02192068099975586	-0.024545922875404358
48	C	-0.027553409337997437	-0.0	-0.04616206884384155	0.0440695583820343	-0.020888790488243103
49	C	0.04902529716491699	-0.0	0.09679906070232391	0.11760655045509338	-0.020888790488243103
50	C	0.000944972038269043	-0.0	0.10698218643665314	0.017455726861953735	-0.020888790488243103
51	T	-0.03553810715675354	-0.008384168148040771	-0.07079362869262695	-0.0	-0.026619091629981995
52	G	0.06423181295394897	0.0006501078605651855	-0.0	0.031664520502090454	-0.04067765176296234
53	G	0.1574695110321045	0.030995309352874756	-0.0	0.0030936002731323242	-0.04067765176296234
54	G	0.11847555637359619	0.13807395100593567	-0.0	0.1321522295475006	-0.04067765176296234
55	G	0.07409244775772095	0.20908740162849426	-0.0	0.055522143840789795	-0.04067765176296234
56	G	0.0077321529388427734	-0.02255350351333618	-0.0	-0.02237597107887268	-0.04067765176296234
57	C	-0.12853795289993286	-0.0	-0.21469059586524963	-0.08099710941314697	-0.24289914965629578
58	G	0.02261558175086975	-0.1622314453125	-0.0	-0.1072424054145813	-0.13546572625637054
59	C	0.04488888382911682	-0.0	-0.045767009258270264	-0.09988072514533997	0.044199079275131226
60	C	0.015206903219223022	-0.0	0.08329147100448608	0.03344950079917908	0.044199079275131226
61	C	-0.003968298435211182	-0.0	0.0699256956577301	-0.02971377968788147	0.044199079275131226
62	G	-0.0014449059963226318	-0.07619306445121765	-0.0	0.028524696826934814	-0.040884390473365784
63	C	-0.0049329400062561035	0.0	-0.04939386248588562	0.0013030767440795898	0.06051874905824661
64	C	0.1401183009147644	0.0	0.03529974818229675	-0.05837446451187134	0.06051874905824661
65	G	0.03676789999008179	-0.003174424171447754	-0.0	0.06998476386070251	-0.002698257565498352
66	C	0.06925398111343384	-0.0	0.007713288068771362	0.07758116722106934	-0.15058913826942444
67	G	0.03572168946266174	-0.10829225182533264	-0.0	0.04592898488044739	-0.12187151610851288
68	A	-0.0	-0.061689674854278564	-0.11769974231719971	-0.031779348850250244	-0.14644040167331696
69	G	0.019677013158798218	-0.011786699295043945	-0.0	-0.10644757747650146	-0.1050865650177002
70	G	-0.18983152508735657	-0.23854640126228333	-0.0	-0.1393870711326599	-0.1050865650177002
71	G	-0.04409131407737732	-0.1638508439064026	-0.0	-0.08897665143013	-0.1050865650177002
72	C	0.06185215711593628	-0.0	-0.08684858679771423	-0.05378580093383789	-0.1118723452091217
73	G	0.029636144638061523	-0.05900561809539795	-0.0	-0.18059185147285461	-0.08834496140480042
74	G	-0.10772708058357239	-0.04502403736114502	-0.0	-0.0848911702632904	-0.08834496140480042
75	G	-0.04664519429206848	-0.09972044825553894	-0.0	-0.044881969690322876	-0.08834496140480042
76	G	-0.12964516878128052	-0.18615618348121643	-0.0	-0.08317011594772339	-0.08834496140480042
77	C	0.05060368776321411	-0.0	-0.053736358880996704	-0.07137441635131836	-0.037558168172836304
78	C	0.08019053936004639	-0.0	-0.01223716139793396	-0.08932849764823914	-0.037558168172836304
79	G	-0.02731376886367798	-0.10773634910583496	-0.0	-0.09437441825866699	-0.03046131134033203
80	G	-0.10938572883605957	-0.08122715353965759	-0.0	-0.029898375272750854	-0.03046131134033203
81	G	0.015570074319839478	-0.07623118162155151	-0.0	-0.10203465819358826	-0.03046131134033203
82	A	-0.0	-0.0921657383441925	-0.22321829199790955	-0.10382211208343506	-0.23982155323028564
83	T	-0.026964962482452393	-0.10577869415283203	0.009588927030563354	-0.0	-0.10467900335788727
84	T	0.0073229968547821045	-0.05355668067932129	-0.02092808485031128	-0.0	-0.10467900335788727
85	G	-0.02780333161354065	-0.03888517618179321	-0.0	-0.049261271953582764	-0.10721755027770996
86	T	-0.05131688714027405	-0.07037106156349182	-0.025721341371536255	-0.0	-0.029866039752960205
87	G	-0.06214994192123413	-0.024670809507369995	-0.0	-0.1267765760421753	-0.14217615127563477
88	C	-0.03155526518821716	-0.0	-0.04357254505157471	-0.025760501623153687	-0.09316103160381317
89	T	0.03537365794181824	0.0676114559173584	-0.001673668622970581	-0.0	-0.04430486261844635
90	G	0.09585073590278625	0.08063259720802307	-0.0	0.04288628697395325	-0.13014400005340576
91	A	-0.0	0.07113412022590637	0.0359250009059906	0.01786130666732788	-0.03040170669555664
92	T	0.059393227100372314	0.021939992904663086	0.09731140732765198	-0.0	0.009305357933044434
93	T	0.11382178962230682	0.10396625101566315	0.040636420249938965	-0.0	0.009305357933044434
94	C	0.04858642816543579	-0.0	0.01957663893699646	-0.00762370228767395	0.010083109140396118
95	T	0.10903030633926392	0.03953447937965393	0.08932176232337952	0.0	0.09565199166536331
96	G	-0.0070663392543792725	0.008702754974365234	0.0	0.01749768853187561	0.10328894853591919
97	G	0.007346600294113159	0.12459996342658997	0.0	0.004567563533782959	0.10328894853591919
98	C	-0.03984519839286804	-0.0	0.012096315622329712	0.07084473967552185	-0.013236239552497864
99	C	0.03995350003242493	-0.0	0.14866559207439423	0.04871857166290283	-0.013236239552497864
100	T	0.0311010479927063	-0.08907055854797363	-0.03256714344024658	-0.0	-0.06726977229118347
101	C	-0.011046826839447021	-0.0	-0.00577622652053833	0.06807252764701843	-0.04286417365074158
102	C	0.06871023774147034	-0.0	0.03268641233444214	0.04923829436302185	-0.04286417365074158
103	C	0.0668032169342041	-0.0	-0.03786700963973999	0.04888594150543213	-0.04286417365074158
104	T	0.04029440879821777	0.01429283618927002	-0.006873339414596558	-0.0	0.018100067973136902
105	G	0.11285126209259033	0.07439908385276794	0.0	0.08068972826004028	0.05411642789840698
106	G	0.08211332559585571	-0.005191117525100708	0.0	0.10140708088874817	0.05411642789840698
107	G	0.009945154190063477	0.03198859095573425	0.0	-0.001399695873260498	0.05411642789840698
108	C	0.01010066270828247	0.0	0.003357827663421631	0.0425715446472168	0.13629932701587677
109	C	0.12233144044876099	0.0	0.1467999815940857	0.07892090082168579	0.13629932701587677
110	G	-0.014453381299972534	0.0032542049884796143	-0.0	0.023098349571228027	0.019172772765159607
111	G	0.03234529495239258	-0.0007787048816680908	-0.0	0.08576148748397827	0.019172772765159607
112	A	0.0	0.041280776262283325	-0.019654899835586548	0.09073507785797119	0.09590849280357361
113	G	0.14766737818717957	0.06216248869895935	0.0	-0.04034394025802612	0.1507408544421196
114	G	0.13603472709655762	0.11397886276245117	0.0	0.12375636398792267	0.1507408544421196
115	C	0.004882872104644775	-0.0	0.10908330976963043	0.04739221930503845	0.004102379083633423
116	T	0.19532564282417297	-0.03295612335205078	0.1554887294769287	-0.0	-0.14066407084465027
117	C	0.05908089876174927	-0.0	0.14863824844360352	0.12288650870323181	0.010156899690628052
118	T	0.0603405237197876	0.0064522624015808105	0.06117016077041626	0.0	0.017003819346427917
119	A	-0.0	0.013237476348876953	0.06579142808914185	0.024110525846481323	-0.016662567853927612
120	G	0.083332359790802	-0.0029901862144470215	0.0	0.10440362989902496	0.03458984196186066
121	T	0.13643255829811096	0.043298810720443726	0.045187532901763916	0.0	0.09296001493930817
122	G	0.03905975818634033	0.06258243322372437	0.0	0.07094007730484009	0.03893956542015076
123	G	0.014071732759475708	0.009827882051467896	0.0	-0.0496615469455719	0.03893956542015076
124	A	-0.0	0.0708284080028534	-0.024251580238342285	0.019396483898162842	0.019931048154830933
125	A	-0.0	0.039021074771881104	-0.0268404483795166	0.0440712571144104	0.019931048154830933
126	C	0.18095609545707703	0.0	0.17126590013504028	0.17423509061336517	0.11521907150745392
127	T	-0.024116069078445435	-0.009173780679702759	0.0663352906703949	-0.0	-0.06775249540805817
128	T	0.07953637838363647	0.044323861598968506	-0.028601616621017456	-0.0	-0.06775249540805817
129	A	-0.0	-0.0032865703105926514	-0.014840811491012573	0.032234370708465576	-0.07287289202213287
130	A	-0.0	-0.04575705528259277	-0.013309627771377563	-0.0930241048336029	-0.07287289202213287
131	G	-0.018614083528518677	0.01675751805305481	-0.0	0.030299067497253418	-0.005003765225410461
132	G	0.015018433332443237	0.04226529598236084	-0.0	-0.05240505933761597	-0.005003765225410461
133	C	-0.05468979477882385	-0.0	-0.060618579387664795	0.04271423816680908	-0.07347723841667175
134	T	0.03170707821846008	-0.016224175691604614	-0.06125864386558533	-0.0	-0.1503966599702835
135	C	-0.1930558979511261	-0.0	-0.11028841137886047	-0.1982620656490326	-0.22548365592956543
136	C	-0.09066915512084961	-0.0	-0.08023378252983093	-0.08234608173370361	-0.22548365592956543
137	T	-0.1654576063156128	-0.09196779131889343	-0.06117042899131775	-0.0	-0.18400509655475616
138	C	-0.024348586797714233	-0.0	-0.07907816767692566	-0.068259596824646	-0.14639100432395935
139	C	-0.089896559715271	-0.0	-0.24109211564064026	-0.18895843625068665	-0.14639100432395935
140	C	-0.14090698957443237	-0.0	-0.14805006980895996	-0.060483574867248535	-0.14639100432395935
141	T	-0.020459651947021484	-0.21817627549171448	-0.20493116974830627	-0.0	-0.17515648901462555
142	G	0.12011978030204773	0.07464948296546936	-0.0	0.08337602019309998	-0.11270444095134735
143	A	-0.0	0.016663342714309692	0.02241930365562439	0.030756056308746338	-0.1324099600315094
144	T	0.1666637659072876	0.0929189920425415	0.11408013105392456	0.0	0.045956581830978394
145	G	-0.03754103183746338	-0.04773634672164917	-0.0	0.00713154673576355	-0.03905586898326874
146	G	-0.0016252696514129639	-0.026710420846939087	-0.0	-0.020028293132781982	-0.03905586898326874
147	C	0.063810795545578	-0.0	0.028501540422439575	0.055316418409347534	-0.010388776659965515
148	A	-0.0	-0.043113768100738525	0.03665626049041748	-0.016723960638046265	-0.13998264074325562
149	C	0.006500422954559326	-0.0	-0.014987587928771973	-0.06782937049865723	-0.08698882162570953
150	C	-0.0425129234790802	-0.0	-0.06827369332313538	-0.029543757438659668	-0.08698882162570953
151	G	0.0043582916259765625	-0.11665964126586914	-0.0	0.03228026628494263	-0.04544800519943237
152	A	-0.0	-0.09725615382194519	-0.07948431372642517	-0.07609063386917114	-0.0716795027256012
153	G	0.031544119119644165	0.053092390298843384	-0.0	-0.011607497930526733	-0.055030032992362976
154	G	-0.07073000073432922	-0.027618765830993652	-0.0	-0.002795577049255371	-0.055030032992362976
155	C	0.004897058010101318	-0.0	-0.02204066514968872	-0.033660441637039185	-0.0633389800786972
156	G	0.025965064764022827	-0.07933041453361511	-0.0	-0.005602836608886719	-0.07646706700325012
157	A	-0.0	0.05654251575469971	0.010857969522476196	-0.01885923743247986	-0.028360113501548767
158	G	0.044190287590026855	0.029899895191192627	-0.0	0.021162807941436768	-0.030990377068519592
159	G	0.01735466718673706	0.056021928787231445	-0.0	0.013360947370529175	-0.030990377068519592
160	A	-0.0	-0.02929559350013733	0.017913758754730225	0.05668926239013672	-0.0553877055644989
161	A	-0.0	-0.06129586696624756	-0.0582432746887207	-0.08617162704467773	-0.0553877055644989
162	C	0.04069817066192627	-0.0	0.04508325457572937	0.03290271759033203	0.002091825008392334
163	T	-0.03654411435127258	0.021888792514801025	0.029560327529907227	-0.0	-0.06471851468086243
164	G	-0.019381940364837646	-0.047951579093933105	-0.0	-0.015997707843780518	-0.0755942165851593
165	C	-0.08651459217071533	-0.0	-0.0008007586002349854	-0.02437010407447815	-0.10954219102859497
166	C	-0.048248469829559326	-0.0	-0.025792956352233887	-0.03840303421020508	-0.10954219102859497
167	A	-0.0	-0.08158481121063232	-0.11333093047142029	-0.0552695095539093	-0.09341573715209961
168	G	-0.03952881693840027	-0.027904242277145386	-0.0	-0.05547875165939331	-0.20503194630146027
169	C	-0.04961216449737549	-0.0	0.0221385657787323	-0.025275379419326782	-0.08156120777130127
170	T	-0.12351599335670471	-0.06586447358131409	-0.11144423484802246	-0.0	-0.09356366097927094
171	G	0.011203885078430176	-0.010493755340576172	-0.0	0.053736984729766846	-0.05476182699203491
172	T	-0.08668825030326843	-0.006008535623550415	0.0034560859203338623	-0.0	-0.02190198004245758
173	C	0.008616805076599121	-0.0	0.0026126503944396973	-0.044927775859832764	-0.03472733497619629
174	T	0.006872892379760742	0.0003701746463775635	-0.04062074422836304	-0.0	0.004761651158332825
175	G	-0.00925832986831665	0.015445739030838013	-0.0	0.01458767056465149	-0.013513773679733276
176	T	-0.08974087238311768	0.07741263508796692	0.03167688846588135	-0.0	0.02396319806575775
177	C	-0.004136264324188232	-0.0	-0.008937686681747437	0.011629819869995117	-0.0021888315677642822
178	T	0.014302879571914673	0.01588115096092224	0.025944799184799194	-0.0	0.05011624097824097
179	C	-0.00350111722946167	-0.0	0.034912168979644775	0.006406038999557495	0.03260469436645508
180	C	-0.006726115942001343	-0.0	0.06922942399978638	0.05488014221191406	0.032743752002716064
181	T	0.005517125129699707	0.045355141162872314	0.030543208122253418	-0.0	-0.00145035982131958
182	T	0.03639918565750122	0.09572549164295197	0.06025683879852295	-0.0	-0.00145035982131958
183	C	0.04475754499435425	0.0	-0.026354581117630005	0.017483621835708618	0.02899870276451111
184	C	-0.015280574560165405	0.0	-0.03328937292098999	0.021814405918121338	0.02899870276451111
185	T	-0.013928055763244629	0.034929752349853516	0.05015677213668823	-0.0	0.007233098149299622
186	G	0.0720057487487793	0.11079517006874084	0.0	0.11328206956386566	0.14486932754516602
187	C	0.09757165610790253	0.0	0.004120945930480957	0.026608675718307495	0.06467323750257492
188	C	0.005741536617279053	0.0	-0.010219424962997437	0.05319535732269287	0.06467323750257492
189	T	-0.03434997797012329	0.07654082775115967	-0.0177668035030365	-0.0	0.00738862156867981
190	T	0.01938888430595398	0.05202820897102356	-0.011079072952270508	-0.0	0.00738862156867981
191	G	0.08113771677017212	0.11206288635730743	-0.0	0.06879737973213196	0.05033767968416214
192	A	-0.0	-0.04004761576652527	-0.06598764657974243	-0.003636389970779419	-0.08370310068130493
193	C	0.020623236894607544	-0.0	0.015695422887802124	0.004158496856689453	-0.05386011302471161
194	C	-0.020867377519607544	-0.0	0.05572423338890076	0.037792861461639404	-0.05386011302471161
195	C	-0.020802676677703857	-0.0	-0.003924250602722168	-0.0022149980068206787	-0.05386011302471161
196	A	-0.0	-0.04718250036239624	0.02727094292640686	0.07686862349510193	-0.012079119682312012
197	G	0.10608243942260742	-0.00688818097114563	-0.0	-0.0108872652053833	0.05774526298046112
198	A	-0.0	-0.03389587998390198	-0.059384435415267944	-0.02933579683303833	0.040961794555187225
199	G	-0.02191990613937378	0.0026125311851501465	-0.0	0.00021088123321533203	-0.011203870177268982
200	C	-0.006224632263183594	-0.0	-0.10121956467628479	-0.033888399600982666	0.014293283224105835
201	A	-0.0	-0.017044246196746826	-0.059481531381607056	0.009845614433288574	-0.00416940450668335
202	G	0.04663282632827759	-0.012333303689956665	-0.0	-0.015512794256210327	0.021453499794006348
203	T	-0.007949978113174438	-0.06736010313034058	-0.00728413462638855	-0.0	0.049794577062129974
204	T	-0.028261035680770874	0.015626460313796997	0.08045375347137451	-0.0	0.049794577062129974
205	G	0.027683734893798828	-0.03743022680282593	-0.0	-0.06408023834228516	-0.024383753538131714
206	A	-0.0	-0.06981280446052551	-0.013872265815734863	0.006069153547286987	-0.07722325623035431
207	T	-0.0450805127620697	-0.07189163565635681	-0.0218542218208313	-0.0	0.001780971884727478
208	C	0.04575654864311218	-0.0	0.02443218231201172	0.06500166654586792	-0.0441083163022995
209	C	-0.09826579689979553	-0.0	-0.03326231241226196	-0.0707935094833374	-0.0441083163022995
210	G	-0.08467668294906616	0.06415152549743652	-0.0	0.025063931941986084	0.004503905773162842
211	G	-0.028039932250976562	-0.06285026669502258	-0.0	-0.02770012617111206	0.004503905773162842
212	T	-0.06494975090026855	0.03320056200027466	-0.007369279861450195	-0.0	0.019126489758491516
213	C	-0.04203677177429199	-0.0	-0.1597456932067871	-0.06489056348800659	0.02440503239631653
214	C	0.026814043521881104	-0.0	0.02006441354751587	0.08479496836662292	0.02440503239631653
215	T	-0.05651286244392395	0.019357889890670776	-0.026330411434173584	0.0	0.02866801619529724
216	G	-0.0041578710079193115	-0.005352914333343506	-0.0	0.019443213939666748	0.0028326064348220825
217	G	0.04385673999786377	0.022321462631225586	-0.0	-0.03217741847038269	0.0028326064348220825
218	A	-0.0	0.1337697058916092	0.06494608521461487	0.13254880905151367	0.028090819716453552
219	T	0.05315852165222168	0.026347219944000244	0.01937645673751831	-0.0	0.037554726004600525
220	C	0.05239519476890564	0.0	0.08691021800041199	0.044472336769104004	0.04680207371711731
221	C	0.08843785524368286	0.0	0.018883228302001953	0.06716376543045044	0.04680207371711731
222	a	0.0	0.07192370295524597	0.03685492277145386	0.07378199696540833	0.03275039792060852
223	t	0.053071945905685425	0.040081799030303955	0.006640076637268066	0.0	0.03696797788143158
224	a	0.0	0.03052249550819397	-0.011137187480926514	0.011644035577774048	-0.005947962403297424
225	a	0.0	-0.01424381136894226	-0.035820960998535156	0.009128332138061523	-0.005947962403297424
