Position	WT_Nucleotide	A	C	G	T
-24	t	0.034070298	0.035861123	-0.0030035544	0.0
-23	a	0.023936458	0.022009052	0.0028464675	0.024202017
-22	t	0.052613568	0.013965761	0.0025873927	0.0017116374
-21	G	0.0884315	0.054099068	-0.056984697	0.03906969
-20	G	0.069797345	0.04511203	0.001224263	0.0029108415
-19	A	-0.020064237	0.07513055	0.013066144	0.004791895
-18	T	0.022568634	0.026011622	0.030419996	0.009232853
-17	C	0.066156775	-0.010673573	0.06204906	-0.015224722
-16	C	0.06665592	-0.019785857	0.04159433	0.036836237
-15	T	0.076967	0.010602175	0.02210071	0.024299828
-14	C	0.08788055	-0.0023373445	0.024162244	0.04424596
-13	G	0.0752998	0.08534811	-0.04490628	0.01972156
-12	G	0.07717936	0.038541324	-0.0137529755	0.0055197543
-11	T	0.0643939	0.07784262	-0.022654109	0.011663514
-10	T	0.015387389	0.027404327	0.031250082	-0.0050923
-9	C	0.035852123	0.019810509	0.03302467	0.01318429
-8	A	0.018167367	0.03515215	0.015037061	0.02844578
-7	C	0.06857202	-0.040157527	0.07615332	0.023543239
-6	G	0.05586586	0.021816764	0.0118208155	0.060812287
-5	C	0.07719782	0.020207472	0.03234766	0.021488352
-4	A	0.03122307	0.07026579	0.004754841	0.034889188
-3	A	0.016996587	0.012396369	0.054190397	0.020005403
-2	T	0.11311023	0.037209686	0.022120144	-0.0038965761
-1	G	0.04120645	0.08211574	-0.025389113	0.01335668
0	A	0.02559828	0.02485903	0.055990938	0.029116657
1	C	0.104324654	-0.036957797	0.033455677	0.07688174
2	C	0.11514988	-0.03654742	0.064683095	0.027243245
3	G	0.058167804	0.061390754	-0.017606912	0.032972887
4	C	0.11293468	0.025594966	0.013222155	-0.007231395
5	G	0.079141594	0.06496903	-0.03122338	0.01381795
6	G	0.045038927	0.08615067	-0.033197634	0.019592708
7	C	0.063100696	0.011934319	0.030073687	0.012708859
8	T	0.02794322	0.019705106	0.028818429	0.044223137
9	C	0.10186523	-0.04000888	0.07635072	0.02518256
10	C	0.090364024	-0.022472048	0.024922047	0.03884647
11	A	0.052647144	-0.0071569635	0.032883335	0.05704163
12	G	0.06806642	0.041800786	-0.037905455	0.023950422
13	G	0.108012736	0.060794264	-0.017233053	0.004199893
14	G	0.07008743	0.039001606	0.0067615015	0.021513512
15	G	0.056333076	0.040289078	-0.019512085	0.07969442
16	C	0.12555255	-0.0481048	0.067774005	0.036610126
17	G	0.04894837	0.050508067	-0.031599812	0.0131027885
18	A	0.04307463	-0.005337557	0.07048629	0.0063504144
19	G	0.07056935	0.016735185	0.027387783	0.017723905
20	A	0.0026646405	0.045528293	0.043508157	0.0016187534
21	G	0.057411388	0.053588204	-0.009349797	0.035037592
22	G	0.049535416	0.023928802	-0.0051836655	0.019653022
23	A	0.024134733	-0.008057725	0.088381596	0.0025130552
24	G	0.034990035	0.04448999	-0.00023026294	0.01162016
25	C	0.08260731	-0.057750102	0.04002331	0.014997895
26	C	0.038665164	-0.017519284	0.013361117	0.04221693
27	A	-0.00123787	0.021565234	0.033160046	0.027698457
28	G	0.04634892	0.028874736	-0.0077010854	0.02458333
29	C	0.070627086	0.03803349	0.0077190115	0.009061359
30	C	0.036455296	-0.023299048	0.026760135	0.062864676
31	C	0.09901741	0.009698498	0.028054036	-0.0011828723
32	T	0.067742445	0.07174407	-0.0052707423	0.025047205
33	G	0.08974827	0.11900135	-0.0346685	-0.0058724303
34	T	0.089353874	0.04508644	-0.0023210912	-0.0028202895
35	C	0.11476764	0.017273275	0.009896576	0.03510896
36	T	0.07382703	0.068771526	-0.0019331161	-0.016633246
37	C	0.1107162	0.029431114	0.0052613765	-0.0008463008
38	T	0.07830627	0.03233863	0.020809745	-0.0268676
39	C	0.07207504	0.0044232784	0.042692304	0.021469234
40	T	0.038796633	0.039836474	0.013960976	-0.016895395
41	C	0.07293486	0.005333598	0.037654527	0.0023635433
42	T	0.09331934	0.054180298	0.0064993715	0.01427037
43	C	0.099211104	-0.0060486835	0.013387791	0.00867147
44	C	0.07180764	-0.010385867	0.018215846	0.04993032
45	T	0.04045565	0.05273571	-0.010727798	0.010213983
46	G	0.042097606	0.05971372	-0.036961347	0.015091594
47	G	0.05686635	0.045391377	9.121329e-05	0.0030381687
48	C	0.07620526	-0.019453885	0.009217387	0.039309923
49	C	0.089916706	-0.06123609	0.06034328	0.03240384
50	C	0.09006006	-0.031203356	0.022556482	0.045708142
51	T	0.09517141	-0.013390141	0.0007932891	0.067743465
52	G	0.088339604	0.016555076	0.0032995297	0.03193883
53	G	0.16665792	0.050572805	-0.019481378	0.03627095
54	G	0.11894397	0.04756119	-0.025421346	0.007619024
55	G	0.12607546	0.08463157	-0.06432629	0.010857345
56	G	0.07637499	0.042750787	-0.012774494	0.0077356263
57	C	0.08413915	-0.017927209	0.0496363	0.02495785
58	G	0.065821506	0.05730072	-0.011390919	0.0007210837
59	C	0.063657835	-0.017320871	0.05460021	0.006110696
60	C	0.07019471	-0.017762389	0.03686996	0.020478742
61	C	0.049704894	-0.012914816	0.0482606	0.024330402
62	G	0.078508526	0.05567917	-0.0029269764	0.020930104
63	C	0.062427856	0.040456563	-0.018036649	0.018440343
64	C	0.09423839	-0.035474926	0.083900906	0.042100538
65	G	0.064849555	0.007445904	0.012304175	0.055215277
66	C	0.16915432	-0.031340774	0.03548896	0.05306113
67	G	0.087500274	0.054665465	-0.0039026446	0.032163568
68	A	0.038980898	0.041317858	0.04832893	0.031216705
69	G	0.14638567	0.024474077	0.046164256	0.04617619
70	G	0.18188158	0.038171314	0.069748625	0.01747312
71	G	0.18276794	-0.029041052	0.10016246	0.10862012
72	C	0.16165929	-0.02022176	0.061945766	0.09228338
73	G	0.18545078	0.017309539	0.06618731	0.094195984
74	G	0.11969542	0.08521646	0.032626845	0.031392355
75	G	0.14602202	0.058427826	0.06444247	0.0437374
76	G	0.14935195	0.017360365	0.09166343	0.020911232
77	C	0.16364886	-0.0153283505	0.026523592	0.0997767
78	C	0.17274429	-0.025580151	0.057206534	0.03043171
79	G	0.1201536	0.047420736	0.062753655	0.05514198
80	G	0.18148948	0.070748955	-0.021436324	0.028335603
81	G	0.14045963	0.09210291	0.025548635	-0.007859845
82	A	0.068613656	0.018999651	0.030606134	0.061110787
83	T	0.11693681	0.06267683	0.016239608	0.035103366
84	T	0.11239512	0.047657866	0.033954576	-0.04004409
85	G	0.059872847	0.024623614	0.03467549	0.0049604895
86	T	0.14254601	0.008481048	0.040867835	-0.038552746
87	G	0.06125814	0.085260704	-0.00982124	0.028174017
88	C	0.07164168	0.036669634	0.04721567	0.007944105
89	T	0.114862144	0.028060222	0.02397231	0.0077518267
90	G	0.0656777	0.085515045	-0.0056338506	0.0017463744
91	A	0.015293357	0.040575303	0.061420836	-0.018602746
92	T	0.08380419	0.03828801	0.02414638	-0.014686579
93	T	0.072861716	0.03861518	0.013047863	-0.014212154
94	C	0.051792588	0.01742175	0.0042467713	0.02959318
95	T	0.08133953	0.006131396	0.018057633	-0.020350007
96	G	0.09184639	0.06312593	-0.009525082	0.00908689
97	G	0.048184786	0.099573344	-0.04442584	0.019800019
98	C	0.045773983	-0.0083161015	0.03227109	0.032578085
99	C	0.051187906	0.018133715	0.020178247	0.010755585
100	T	0.011234727	0.009658722	0.021585185	0.0046014558
101	C	0.0609207	-0.022041809	0.027779961	0.007806869
102	C	0.0902479	-0.046193324	0.045018196	0.011910601
103	C	0.0802608	-0.010711653	-0.0017228895	0.034095094
104	T	0.062691025	0.016630612	-0.010821121	0.022673523
105	G	0.031367928	0.06081452	-0.005469376	0.013170476
106	G	0.068390355	0.04219743	-0.011250465	0.0036131253
107	G	0.090072624	0.020010257	-0.006583578	0.00621951
108	C	0.091996394	-0.063737966	0.050138906	0.058337685
109	C	0.10580445	-0.040912632	0.05211251	0.050599433
110	G	0.111843586	0.039886665	-0.028376332	0.04847299
111	G	0.09196744	0.058049392	-0.034627628	0.023616936
112	A	0.03898343	0.086876184	-0.018523192	0.0316205
113	G	0.094205596	0.087360725	-0.038318444	-0.010846576
114	G	0.060063902	0.015987232	0.005898419	0.044176873
115	C	0.100522175	-0.012335978	0.034693792	0.043528058
116	T	0.033754565	0.036869477	0.043221187	-0.009469091
117	C	0.09441298	-0.009613926	0.053820852	-0.010608925
118	T	0.09292415	0.029667273	0.021777833	-0.017482925
119	A	0.023129769	0.039197754	0.040692613	-0.039043702
120	G	0.056563746	0.04174456	-0.036570143	0.038181674
121	T	0.096095264	0.030316224	0.0119379135	0.008441875
122	G	0.06045369	0.079712205	-0.051371895	0.036121186
123	G	0.06655932	0.074336305	-0.01801561	0.025824055
124	A	0.0023091	0.012281913	0.04435272	0.0059792832
125	A	-0.03783172	0.050213523	0.044238612	0.0070808055
126	C	0.04151989	-0.04075841	0.07291051	0.032095358
127	T	0.08656354	0.0073482776	0.037774634	0.015544419
128	T	0.010979558	0.056032762	0.048388783	-0.02361557
129	A	-0.0026546852	0.051877376	0.047767874	-0.021960324
130	A	0.037072387	0.04876121	0.0671687	0.017345833
131	G	0.10467583	0.047594074	-0.008748058	0.05275055
132	G	0.07164547	0.07499664	-0.020531232	0.03900893
133	C	0.0896033	0.030717677	0.04385562	0.029939761
134	T	0.08558645	0.046597842	0.0018335753	0.060480997
135	C	0.11981323	0.018229831	0.091992386	0.03501121
136	C	0.07855943	0.058037076	0.046372965	-0.0074471
137	T	0.082894504	0.025115846	0.03474643	0.044712506
138	C	0.14160976	0.08789952	0.007577639	0.0455114
139	C	0.098479055	0.06345353	0.00075042376	0.015017631
140	C	0.12715594	-0.028493058	0.04734811	0.11299801
141	T	0.17219135	0.065185465	-0.0123691	0.03992235
142	G	0.061270412	0.08092475	-0.0017653349	-0.02187033
143	A	0.041078582	0.06765689	-0.010265987	0.02987046
144	T	0.10317435	0.055713784	0.019827453	-0.01841919
145	G	0.054672685	0.08703139	-0.038786605	0.02849566
146	G	0.090278976	0.049497917	-0.013133828	0.04891183
147	C	0.064559214	0.0061402046	0.05200919	0.020673167
148	A	0.023599613	0.016286861	0.040947817	0.03562076
149	C	0.035899628	-0.01622018	0.044112697	0.016193377
150	C	0.09211789	-0.053804267	0.0736814	0.061497316
151	G	0.05820196	0.004255685	0.027580256	0.05297692
152	A	0.051360022	0.03317961	0.021802451	0.023206081
153	G	0.07225955	0.035864897	0.005149332	0.0420382
154	G	0.0850267	0.015167588	0.024227912	0.023257028
155	C	0.08786533	-0.03485049	0.04957634	0.027213704
156	G	0.102915905	0.06848658	-0.012380599	0.041928492
157	A	0.054130413	0.015540933	0.055854574	0.037448384
158	G	0.08615898	0.055867434	-0.007413015	0.031850524
159	G	0.09955062	0.034941062	0.004818338	0.032648757
160	A	0.0044818143	0.027687253	0.04050643	0.004770011
161	A	-0.04649137	0.052207015	0.036321815	0.014380443
162	C	0.051799092	0.002892484	0.061507188	-0.019714277
163	T	0.057251643	0.028080095	0.03194229	-0.010920931
164	G	0.040400527	0.03873791	0.003594032	0.02341249
165	C	0.0835521	-0.018901194	0.05633821	0.008858251
166	C	0.0840173	0.0013453177	0.013415074	0.03684844
167	A	0.028398184	0.049465485	0.010934362	0.010608487
168	G	0.05951967	0.041921288	0.0037864258	0.034307584
169	C	0.06945208	0.016359791	0.02892908	0.0035372663
170	T	0.06233478	0.011562996	0.016986286	0.020430181
171	G	0.09138151	0.07578629	-0.04254399	-0.014519732
172	T	0.05438033	0.018300744	0.01037822	-0.0029946547
173	C	0.061138183	-0.0016313615	0.028531991	0.012786081
174	T	0.09370992	0.031016355	0.0046822755	-0.03252092
175	G	0.08340165	0.06745127	-0.023318255	0.02133914
176	T	0.04241242	0.05779348	0.01592621	-0.017269067
177	C	0.05709835	0.010213188	0.034902427	-0.013935285
178	T	0.067796424	0.033404436	-0.0029278374	0.010935157
179	C	0.08788822	0.015312492	0.018554071	0.023267338
180	C	0.056261722	-0.0040237256	0.041748017	0.0063209534
181	T	0.07250533	0.025865195	0.007434605	-0.004067806
182	T	0.046574883	0.068865165	-0.0176767	-0.011863164
183	C	0.04724634	0.022228368	0.013873386	0.019867409
184	C	0.06732655	0.0108702	-0.0034568673	0.029090883
185	T	0.07189913	0.040305015	0.00011826247	1.3621003e-05
186	G	0.021463757	0.07953412	-0.042561192	-0.00079537
187	C	0.07208973	0.008777137	0.02375807	-0.0050007193
188	C	0.07483695	-0.0017002875	-0.0023202086	0.058435593
189	T	0.040364232	0.037500203	-0.004204574	-0.011228848
190	T	0.036701623	0.040551014	0.0127798105	-0.0059333146
191	G	0.025121212	0.06318257	-0.025794677	0.0033704268
192	A	0.00067333074	0.019478776	0.01381359	0.0033539904
193	C	0.055754714	-0.030171607	0.036114085	0.057472963
194	C	0.06145463	-0.031450618	0.03658058	0.017493233
195	C	0.040843833	-0.006657577	0.01984357	0.03387724
196	A	0.024121955	0.038395066	0.0028984013	0.038271833
197	G	0.06484785	0.02764601	-0.0041466253	0.02201373
198	A	0.017075323	0.02940854	0.02311677	0.028301973
199	G	0.052996647	0.037079368	-0.010288332	0.063901015
200	C	0.07736175	0.0037438697	0.021106396	0.021120954
201	A	0.048065837	0.017498486	0.031657614	0.047605254
202	G	0.07846189	0.07157136	-0.016013505	0.03580708
203	T	0.07375169	0.029350376	0.021825219	-0.0048166765
204	T	0.036984812	0.05641704	0.0073652472	-0.01123586
205	G	0.056060053	0.041498326	0.021843499	0.0033215713
206	A	-8.451674e-05	0.0270563	0.045368794	0.004244944
207	T	0.051655054	0.017004687	0.0434292	0.010757217
208	C	0.055454545	-0.031461645	0.042890538	0.038564354
209	C	0.08521526	-0.03628825	0.025631106	0.050228998
210	G	0.06568863	0.040958714	-0.017543957	0.032062054
211	G	0.09629567	0.036931876	-0.00015355964	0.0047743283
212	T	0.07052477	0.056089923	-0.0035177765	0.0074244696
213	C	0.055833988	-0.0082313595	0.027317056	0.01938283
214	C	0.072422035	0.021071292	-0.005220185	0.04657538
215	T	0.09507322	0.03531106	-0.0071135038	0.0069868187
216	G	0.07554716	0.07448791	-0.016599247	0.033714686
217	G	0.065178044	0.06026025	-0.024306394	0.001074838
218	A	2.7627108e-05	0.028545184	0.031872228	0.012663922
219	T	0.024285471	0.055620756	0.011189506	0.01975908
220	C	0.07161394	-0.01879261	0.016488338	0.0048017856
221	C	0.041061506	-0.036488984	0.017772023	0.03239327
222	a	0.010954976	0.033261806	0.02820325	0.05889504
223	t	0.012360919	0.040263325	0.020792851	-0.022957291
224	a	0.0	0.06106188	0.04244585	0.012559983
225	a	0.0	0.015619498	0.01649876	-0.009125559
